subwatershed,policy_total_building_coverage_avg,claims_total_building_insurance_coverage_avg
040400010301,32595.651,10833.90325
040400010302,63353.03896,19288.57011
040400010303,64285.54901,33104.27684
040400010402,36207.79282,31415.66499
040400010403,43685.48029,21409.68231
040400010501,28531.30807,19072.9731
040400010502,25492.57358,18771.94052
040400010503,29839.38789,15823.06522
040400010504,51898.92327,48346.67595
040400010505,41190.48928,20339.43987
040400010506,34877.71577,14094.00938
040400010507,47862.04534,20818.39039
040400010508,36663.99939,18397.55293
040400010509,29554.10176,15305.97831
040400010602,44513.94538,25790.55182
040500010801,38191.3099,13342.45315
040500010802,16114.47052,9386.414508
040500010803,35710.61526,15967.43667
040500010804,12710.42906,5371.437498
040500011001,55680.80785,179.5417962
040500011002,26471.11578,1635.417503
040500011003,45533.84165,15787.90929
040500011004,39323.04117,15256.99912
040500011005,20481.66497,6043.78869
040500011006,20391.48644,11703.81088
040500011007,35410.88914,27446.62989
040500011501,30497.41822,14323.49265
040500011504,37620.68203,20645.83175
040500011505,23407.77785,2771.950292
040500011506,37778.49311,26955.98412
040500011507,47903.81674,32590.31665
040500011601,11142.09043,4363.29959
040500011602,10492.10484,5346.792203
040500011603,41489.66162,32995.35815
040500011604,11.14830136,0
040500011605,24350.45497,35800.39293
040500011701,25145.05438,16504.95642
040500011702,29304.82516,15778.42756
040500011703,32012.93863,8156.44789
040500011704,68756.64076,15087.54197
040500011705,49466.09168,44132.95925
040500011707,21906.62418,6894.574797
040500011802,27773.54436,14752.66628
040500011803,31530.09308,50269.21853
041000030401,18814.27753,0
041000030403,32306.72073,6441.805096
041000030404,47348.22973,9722.216128
041000030405,14990.0075,210.570109
041000030703,33264.25435,36713.40831
041000030704,24589.42723,24536.49573
041000030706,35678.22006,23175.49973
041000030803,23579.63213,4462.246083
041000030804,53000.03872,6271.312392
041000030805,45322.74725,17450.9215
041000030806,70975.6751,32119.68969
041000040601,34723.73478,17310.43483
041000040602,50192.93901,54041.97493
041000040603,42020.01327,44829.43858
041000040604,41619.99431,18330.47365
041000040605,21006.27363,7681.729682
041000040606,31182.16923,7155.336884
041000050101,30716.16882,13784.54987
041000050102,46515.81377,20702.79204
041000050103,32821.92422,21906.20562
041000050104,47932.40635,75406.57905
041000050105,76894.54021,120672.5717
041000050106,35278.01235,5606.530358
041000071202,23614.42996,16064.82707
041000071203,31647.69516,13897.78858
041000071204,40861.2645,7.490061054
050800011001,41296.37421,447.9719331
050800030101,15488.05935,1233.831434
050800030102,31749.99565,0
050800030103,20283.81161,0
050800030104,59038.68273,0
050800030107,26248.29475,23960.46987
050800030108,20581.52887,11990.46181
050800030201,16033.5652,0
050800030202,30861.35418,1264.009709
050800030203,14172.00409,18467.25112
050800030204,25890.32012,33940.66645
050800030205,14840.18662,6367.186889
050800030301,10998.4036,5534.526391
050800030302,31011.4035,29235.90009
050800030303,30379.47869,56459.03246
050800030304,34794.15338,30183.83827
050800030305,18299.55504,14371.17038
050800030408,23762.33575,24614.98242
050800030501,23473.82146,5012.20984
050800030502,27158.0063,30204.9861
050800030503,30965.18388,50931.09415
050800030504,13410.09276,19643.67996
050800030505,38788.5784,69009.83736
050800030601,23905.38352,0
050800030602,37492.8755,296.3994993
050800030603,23550.78654,25376.92829
050800030604,34914.35059,13999.69806
050800030605,20583.32049,29725.6236
050800030701,4250.412194,798.6294142
050800030703,22733.14827,16478.61639
050800030704,20183.45535,14610.14178
050800030705,28694.74716,26510.07729
050800030706,32135.4547,18537.00318
050800030707,23084.79631,11882.68585
050800030708,40449.03778,891.6730847
050800030709,20473.5276,8102.091094
050800030716,16095.6191,2793.736644
050800030717,63568.61142,9695.319736
050800030801,18673.93826,6127.970275
050800030802,26703.30195,41912.98555
050800030803,29403.12681,9834.651213
050800030804,19895.44307,24651.07039
050800030805,27747.55796,22786.73919
050800030807,19594.28483,28674.10167
050902030402,115281.7832,54.43498273
050902030501,23962.17237,170.4834324
050902030502,72207.89983,105926.2817
050902030503,48939.41146,0
050902030504,21929.55582,13965.67356
050902030505,35177.93571,46140.47832
050902030506,59684.07134,40223.95928
050902030507,35445.76386,22223.4607
050902030601,42192.49328,451.9402453
050902030602,19611.25131,4025.407167
050902030805,31806.7971,10177.76125
050902030901,61929.20556,11057.51965
050902030902,29292.83872,6658.484009
050902031005,21189.28301,7166.058578
050902031007,32600.96348,11845.78793
050902031008,34277.83481,26396.76739
051201010401,34997.28361,0.0465647
051201010402,16351.27837,74169.06388
051201010403,11928.3485,0
051201010404,11373.21091,0
051201010405,13381.14624,5.771372013
051201010502,8062.423544,1609.377666
051201010904,32201.96691,46439.52537
051201011001,33568.65688,9574.410244
051201011002,42231.97777,19075.12427
051201011003,40159.02631,21884.45782
051201011004,30052.87864,13393.25766
051201011005,34345.23689,15208.47051
051201011305,50417.43077,21.64058347
051201011401,25854.18062,10610.75818
051201011402,30030.28129,25321.02381
051201011403,45833.55369,61160.79641
051201011404,80604.19355,1.203679893
051201011405,39130.76758,30884.89099
051201011406,26698.71361,174.1733034
051201011503,32520.16846,7720.687157
051201011504,33787.34176,23058.67123
051201011507,52705.82185,59574.92753
051201011603,53520.95496,97994.41633
051201020101,23882.61814,3755.932199
051201020102,11686.39879,3534.055676
051201020103,48716.19376,12.37430451
051201020104,14700.119,20.27042674
051201020105,29820.14419,49216.51825
051201020106,13813.01664,11565.55883
051201020107,12159.95036,302.040278
051201020108,16334.48931,660.6294742
051201020202,12425.83358,38266.1147
051201020404,66671.01916,62024.27899
051201020406,13244.46651,6363.246607
051201030101,21371.51714,6032.953603
051201030103,13521.83551,3176.701583
051201030104,12127.30131,0
051201030105,17058.51247,4976.55349
051201030201,17469.52857,18767.29246
051201030202,21261.30854,17495.01648
051201030203,32342.5775,12904.04543
051201030204,24345.22837,12072.6621
051201030205,37635.9009,3797.998131
051201030206,53594.50531,9418.73466
051201030401,38697.16095,15512.23143
051201030402,43118.14821,24415.98032
051201030403,19419.10132,3550.364608
051201030404,27304.22414,12443.89299
051201030501,16601.98062,3313.575454
051201030604,29537.34597,7642.61085
051201030605,29279.14404,3044.572577
051201040101,40106.77237,179.8256955
051201040102,19232.57383,14062.05985
051201040103,52285.08094,53180.92732
051201040104,17154.89314,15783.93935
051201040201,30211.42889,18895.79852
051201040202,24487.40235,11918.20279
051201040203,50153.80519,10204.98895
051201040204,35715.2238,5225.665397
051201040205,30096.20806,3898.158558
051201040301,28173.73308,28182.67976
051201040302,32960.97987,10551.62935
051201040303,8255.217001,955.313957
051201040304,28407.32765,12271.45463
051201040401,30916.72269,7971.042618
051201040402,17096.48408,2186.983651
051201040403,17140.61046,9850.212054
051201040404,28312.4932,5476.520567
051201040405,55934.3215,435.5922714
051201040406,14791.72193,7068.751048
051201040407,24463.16121,16040.63109
051201040501,25842.63927,31944.64199
051201040502,43501.40006,17793.32808
051201040503,27874.53788,2222.518092
051201040506,30779.2872,2776.126761
051201040507,34979.83819,46241.00335
051201040508,20987.07359,25584.29047
051201040509,19892.54242,3398.635658
051201040701,65688.75047,0.047366508
051201040702,41100.37245,5139.116046
051201040703,26019.27034,112.8785032
051201040705,27527.16058,34466.88113
051201050101,14323.30023,2785.453718
051201050102,29216.0936,17689.58397
051201050103,18693.56051,865.6221884
051201050104,20623.62494,3667.348357
051201050201,31130.89136,13096.13855
051201050202,17817.57564,34638.20987
051201050203,47631.81591,7407.339099
051201050206,28756.46995,847.4104261
051201050401,49617.13022,42640.29176
051201050403,23037.2728,16936.69359
051201050404,49113.32418,33011.15756
051201050501,39163.3971,24339.33173
051201050502,42212.87497,16816.96718
051201050507,84867.50525,2693.532154
051201060101,19130.79132,9507.921041
051201060102,44734.22394,22445.84923
051201060103,50743.4779,25565.88032
051201060104,24502.1547,13825.33891
051201060105,28430.35905,17406.41709
051201060201,17034.85692,10205.66072
051201060202,35913.42564,20024.52223
051201060203,65678.80612,55299.46026
051201060204,34016.35898,11892.53977
051201060205,22473.06368,13257.57793
051201060301,23614.74472,10344.25463
051201060302,35957.08956,6606.491717
051201060303,32533.08036,54443.10795
051201060304,36623.45533,1019.937181
051201060305,47484.50501,1148.524248
051201060401,56784.85731,24588.0643
051201060402,2969.76546,240.5701303
051201060403,19410.66724,31669.05274
051201060404,27757.96578,74383.63695
051201060405,27825.96385,11449.56748
051201060406,16733.53226,4361.506783
051201060407,19650.02179,38848.14976
051201060408,33359.89321,87276.61726
051201060409,16699.81576,2023.355076
051201060502,42385.24329,14896.89528
051201060503,31342.72406,1090.855866
051201060504,14021.72015,4862.508443
051201060505,3435.236982,1791.631753
051201060506,23574.96895,11566.57957
051201060507,27111.13639,28374.90335
051201060508,9660.614616,7813.219282
051201060509,27912.18898,24125.34209
051201060601,43992.38205,9444.545718
051201060602,27801.33946,14769.3884
051201060603,28234.97054,6716.572848
051201060604,27989.61427,26299.78477
051201060701,9863.570895,7.383926763
051201060702,7414.222328,196.3088201
051201060703,14305.67719,4760.892165
051201060704,22307.47022,3011.478613
051201060801,69789.50446,595.6346613
051201060802,74284.44011,417.5296104
051201060803,50289.84576,36148.74971
051201060804,48429.31622,36321.98717
051201070101,22619.58204,16946.99945
051201070102,48242.02874,33326.97794
051201070103,31843.29968,25872.87531
051201070106,41472.8918,65226.55087
051201070107,48295.5272,31086.24821
051201070108,39380.38621,30607.96676
051201070109,69453.12611,46050.67693
051201070302,27240.23323,4343.363765
051201070401,40465.18319,33074.24318
051201070402,62428.08118,50699.00789
051201070403,34030.91414,26922.93312
051201070404,43139.73569,19140.94515
051201070405,28069.82594,16097.56689
051201070406,17379.21393,10300.07175
051201080101,38532.68507,3401.427288
051201080304,3107.271176,0
051201080409,46383.83182,0
051201080410,5900.291115,0
051201080506,27275.53753,4104.276892
051201080508,28725.00034,0
051201080509,21043.46316,0
051201080604,420.8529285,0
051201080605,29432.23473,1106.245254
051201080606,26492.43104,32912.02363
051201080701,46233.23115,9742.406254
051201080705,29873.71779,48604.87427
051201080801,17063.07258,20385.97868
051201080802,29.40359282,26.26930746
051201081102,4444.412339,2066.712493
051201081104,16798.09155,1527.64812
051201081201,42224.40362,46067.38868
051201081202,10147.33693,2361.120097
051201081203,16391.11495,735.1212947
051201081204,27419.34037,12987.23341
051201081205,40779.63127,7139.735164
051201081206,8920.231272,1807.281759
051201081207,18947.39327,11938.04202
051201081302,18434.31193,0
051201081602,46147.59058,0
051201081604,24320.09542,11315.07498
051201081606,19792.30679,5660.573639
051201081607,16901.58886,4029.196914
051201090701,133916.4638,0
051201090702,15770.1854,0
051201090704,655.7644824,0
051201090905,7967.422199,6009.397767
051201090907,29215.01971,4280.913918
051201100103,36140.32208,21207.2624
051201100104,41042.83231,2187.186509
051201100107,53130.90142,53753.13575
051201100202,29499.14486,47530.12564
051201100203,2904.215159,175.2333865
051201100204,9422.531125,5859.565192
051201100301,43780.22968,27352.6331
051201100302,17747.40527,12996.1478
051201100303,31217.87778,13959.61682
051201100401,26355.99919,16681.41499
051201100402,23831.95432,22834.57953
051201100403,45903.91427,35089.71097
051201100404,39957.05849,37568.20371
051201100405,19503.3361,8629.370958
051201100406,24729.82516,4796.593786
051201100407,21655.34214,20458.27276
051201100601,58603.29047,71299.48348
051201100602,33301.85813,41263.90991
051201100603,29858.32024,40818.8765
051201100604,43510.55475,68793.18438
051201100605,8049.44176,94.6550612
051201100606,29729.22024,19462.39915
051201110104,33407.02889,1579.914694
051201110302,25613.87048,2713.36358
051201110303,21218.73001,1754.922511
051201110401,16334.38456,19935.51849
051201110404,6915.322545,7280.635469
051201110701,114.8816061,137.2760634
051201111201,23960.85902,88.47156309
051201111202,15511.30173,100.0361642
051201111203,20806.55556,21642.54015
051201111501,20113.69837,0
051201111502,22370.92744,0
051201111504,24253.67007,0
051201111505,2161.177822,0
051201111506,14.81826308,0
051201111507,10555.93112,0
051201111508,512.3509762,0
051201111509,8263.689196,0
051201111510,13279.49706,0
051201111511,18521.6344,1020.981454
051201111512,15926.63582,0
051201111601,10586.37121,5943.754662
051201111602,11377.1015,9711.277777
051201111603,19579.44488,15319.05205
051201111702,37961.87622,0
051201111703,13122.87647,0
051201111801,60961.39069,0
051201111802,25105.59795,4343.655424
051201111803,27888.15493,1.047472199
051201111804,29375.38057,1316.621433
051201111901,37965.74904,18385.74167
051201111902,67492.92085,33566.72679
051201130202,20689.11718,4673.83595
051201130203,52630.28116,4185.726946
051201130503,40408.5165,4600.862422
051201130703,36823.85614,25654.2912
051201130704,62141.42505,70.24227417
051201130705,22081.65465,4254.01766
051201130707,24990.4244,0
051201130708,43187.21042,15401.08347
051201130709,40960.7432,9569.817614
051201130801,47118.1516,16577.42921
051201130803,17379.26594,8210.99211
051201130901,31859.50431,13645.68998
051201130903,11460.45278,11494.95578
051202010101,24831.50505,0
051202010102,40254.83629,0.486883298
051202010103,34584.16537,1002.173411
051202010104,39503.4747,1519.50051
051202010105,23875.30418,11036.50798
051202010106,71562.05545,3.061393
051202010107,32275.65767,14.12978175
051202010108,26637.2274,226.0780584
051202010109,16619.08168,3401.026501
051202010110,42390.70771,23167.57808
051202010111,26642.98459,14722.6253
051202010203,49806.33348,28665.37147
051202010204,36046.18862,13543.46969
051202010301,12473.60366,8534.188054
051202010302,409.5353662,224.8535807
051202010303,13162.37136,6195.128117
051202010305,15332.39243,8402.315955
051202010306,24184.69516,22873.47375
051202010401,53053.68822,9386.740277
051202010503,41576.50518,18406.40743
051202010504,28304.65023,19534.74903
051202010505,36790.19235,16843.28997
051202010601,47730.26701,1832.876906
051202010602,25004.38344,1151.800871
051202010603,33571.65118,3200.264434
051202010604,28273.20308,20871.19211
051202010605,40334.51809,32054.83846
051202010606,60741.61744,52853.877
051202010607,54669.76808,1156.67707
051202010608,37109.11683,33883.92181
051202010609,41061.05338,39841.68464
051202010610,65456.98951,61997.60009
051202010701,28731.80742,27810.25296
051202010703,32244.95867,34652.33939
051202010704,52754.50069,33451.4819
051202010705,47147.62977,29966.3224
051202010807,40244.39627,20407.94629
051202010809,45022.52221,26039.63401
051202010901,35682.96019,27658.03026
051202010902,46261.83297,24642.97231
051202010903,32323.60189,19391.64323
051202010904,51263.9264,25019.26965
051202011001,42759.73455,33992.47096
051202011002,64805.26444,46795.66855
051202011003,26098.4469,13327.35744
051202011004,74828.68619,44138.79375
051202011005,36340.18605,22899.73737
051202011006,56374.22701,27956.51167
051202011101,49632.7038,54.54288609
051202011102,19960.37259,4807.05194
051202011103,27730.60808,21205.73507
051202011104,54362.93768,56682.64391
051202011105,66415.81527,41260.82257
051202011106,28355.86129,24611.44063
051202011107,32767.61898,23024.18107
051202011109,44122.70482,32514.32342
051202011110,37299.24256,18706.78351
051202011201,29490.33418,19080.89886
051202011202,43628.99103,26368.13367
051202011203,39168.96045,23643.15275
051202011204,28235.40613,19699.70581
051202011205,67800.77826,31719.08142
051202011206,36903.59641,28014.55631
051202011307,39122.86725,3150.256981
051202011310,82999.84854,48882.75354
051202011401,58101.55596,55839.15872
051202011402,44345.72705,25102.64927
051202011403,33354.47764,33408.85532
051202011404,57285.92851,51206.19266
051202011405,47914.14972,46677.10048
051202011406,50717.85378,40350.79195
051202011407,57643.86412,55521.81908
051202011501,40033.15113,23819.80449
051202011502,61022.07971,49568.42695
051202011503,36066.61999,27784.70562
051202011601,30649.76381,13285.46101
051202011602,76616.22677,72050.31341
051202011603,39802.29402,32786.4359
051202011701,27887.51821,18174.02597
051202011702,68563.94376,35280.33132
051202011703,38790.69783,44903.30435
051202020104,31588.75567,32948.56561
051202020105,51792.97025,63215.77859
051202020106,28097.10725,39565.45144
051202020107,34957.32762,59988.17431
051202020108,36190.6406,53539.09052
051202020301,27823.48283,22490.0045
051202020605,13911.76449,5815.460455
051202020801,23457.52212,27448.29601
051202020802,26485.90711,14853.40874
051202020904,13184.45801,4209.192955
051202020905,3088.229318,1554.461503
051202020906,7875.906009,0
051202021002,19351.42821,141.0579639
051202021005,85044.34938,3068.582172
051202021006,23994.49704,10350.12518
051202021007,5751.866879,10382.31774
051202030101,28343.50235,36680.36139
051202030104,28137.26175,31329.52574
051202030201,37560.3902,35940.16572
051202030202,22560.87118,17243.3837
051202030203,24349.34539,3603.574744
051202030301,4040.38677,251.1834931
051202030302,56218.51744,50.3562494
051202030303,24034.48872,1.640537465
051202030401,22774.69106,20044.97718
051202030402,90514.31891,108585.9194
051202030403,32544.38565,34471.3334
051202030404,39143.1399,10019.0428
051202030405,26985.29705,15610.31751
051202030505,18352.5673,6471.686214
051202030506,38454.8015,55603.58049
051202030507,36608.92946,32945.69903
051202030508,13854.61579,3977.300703
051202030509,57135.336,0
051202030511,30923.88297,0
051202030601,33615.247,38642.16538
051202030602,30864.78112,102.0671453
051202030701,38074.81771,58419.32876
051202030702,12312.12901,11082.74213
051202030704,28592.11746,17054.88192
051202030705,25273.69829,14096.73471
051202030706,12462.78225,3271.557261
051202030802,59423.16389,0
051202030803,9754.575284,0
051202030804,24627.87721,1654.098194
051202030805,22026.46064,2.046833427
051202030809,14622.67125,0
051202040205,20926.68426,14634.79912
051202040301,50787.42746,70612.00134
051202040302,63733.77589,44975.7499
051202040303,58310.9186,56695.54904
051202040304,19709.72411,10387.25439
051202040402,21741.56096,26757.08075
051202040403,25348.50967,13060.7479
051202040404,34160.78667,23744.27032
051202040405,33599.09115,21164.10474
051202040501,30585.39071,16009.57623
051202040502,39197.922,16562.64529
051202040503,28257.96949,15085.06164
051202040504,83940.20155,41361.00425
051202040601,32238.21848,25906.97602
051202040602,18828.13289,16833.32675
051202040603,58422.34254,47033.63343
051202040604,32749.43824,27083.1516
051202040701,65573.16983,47781.08257
051202040702,57405.36658,66299.08066
051202040703,48589.53164,57805.4879
051202040704,43867.50505,32473.26066
051202040705,14170.7725,12393.3102
051202040803,30583.94583,6417.072785
051202040804,20177.62097,8153.48493
051202040805,46360.48929,38201.40716
051202040806,38248.30201,16456.51208
051202040807,20910.47525,9881.270904
051202040902,25819.87431,23258.38773
051202040903,30879.41522,22225.39809
051202040904,73771.62302,136192.9175
051202050303,38862.96255,28498.92467
051202050405,4827.781511,2307.06211
051202050501,30573.37318,25771.57993
051202050502,20493.64384,11930.4213
051202050503,37152.94798,34186.45126
051202050601,10488.79745,7225.249902
051202050602,26412.63601,11347.75416
051202050603,17829.263,11951.55177
051202050604,47366.58083,54526.5825
051202050605,40340.81355,39187.0203
051202050606,40644.22218,49502.9179
051202060102,32157.83661,30100.67551
051202060103,16969.182,12239.68039
051202060104,41427.4568,52179.07892
051202060105,81557.16191,98681.84533
051202060106,18864.5882,13598.22035
051202060107,47569.69207,14119.94436
051202060201,38665.55616,4450.670314
051202060202,29175.55263,11005.27144
051202060203,41728.53915,79404.22707
051202060204,12673.37732,8557.169297
051202060205,37703.41972,35617.62623
051202060301,27773.1176,126.5453726
051202060302,25092.46169,16080.81203
051202060303,22374.22286,883.243083
051202060304,16441.92073,11353.11103
051202060305,29382.22248,46872.39803
051202060306,21557.29095,20964.51239
051202060307,25474.68919,9990.097661
051202060308,43223.60545,19664.12907
051202060309,14557.00064,93.60655529
051202060310,54094.07357,35378.58939
051202060401,24682.81032,6479.895374
051202060402,43716.38915,43015.50585
051202060403,29657.16492,4341.532062
051202060404,37830.15773,9651.25442
051202060405,28593.05606,31210.51997
051202060501,55413.95291,56665.18993
051202060502,18023.28195,21698.35538
051202060503,50828.33297,96919.93112
051202060601,22109.17151,15867.89764
051202060602,25068.00067,20270.24647
051202060603,9833.734823,7742.699254
051202070101,4648.718319,0
051202070201,34333.26388,0
051202070202,5053.492182,559.8492952
051202070203,8595.985665,18921.80905
051202070204,18723.96961,12060.90567
051202070301,48336.98554,0.752824384
051202070302,15572.08465,31452.48424
051202070303,27673.85642,27101.00154
051202070401,14889.95189,0
051202070402,698.884643,0
051202070403,5163.644441,1956.310803
051202070404,19565.68393,1260.833412
051202070502,7620.412585,3735.711772
051202070503,1636.244358,1329.457541
051202070504,34738.26227,14966.46553
051202070505,63638.47299,49853.83335
051202070604,13547.67613,654.5264537
051202070605,23222.83444,0
051202070606,40745.32325,1459.829765
051202070701,15219.8294,1840.693909
051202070702,40566.36605,12481.98263
051202070703,82382.05894,58093.18831
051202070704,37700.77107,20226.12067
051202070705,20263.09183,4198.814315
051202070706,60462.37064,1320.440165
051202070801,50811.75881,571.6326025
051202070803,34364.52699,2343.553344
051202070901,33083.4578,1131.470048
051202070902,28670.49281,0
051202070903,30716.58325,287.8875547
051202070905,18445.02698,8821.233351
051202080104,12160.57678,8753.749548
051202080201,3212.713978,1180.826665
051202080202,11950.79778,7240.557977
051202080203,39924.96116,38897.13148
051202080301,9729.438753,356.9376295
051202080303,87777.68361,0.310174148
051202080304,46554.23915,4912.837566
051202080401,38071.32443,34738.87725
051202080402,22611.45021,19334.43485
051202080403,31844.933,34.67459213
051202080404,178.9502364,158.7956997
051202080606,32274.18472,12715.58147
051202080702,40283.0388,6763.795251
051202080703,37889.02033,71.25231881
051202080801,78955.56636,56605.70751
051202080802,72308.0548,79099.0773
051202080803,43366.30159,125.0969912
051202080804,7749.698994,3514.164881
051202080805,27141.54743,12341.76576
051202080806,37777.76149,12935.43849
051202080807,33962.57681,10157.00445
051202080901,45400.55809,33884.02216
051202080902,50961.43318,3587.657125
051202080903,48451.82832,0
051202080904,20436.01486,0
051202081001,13609.46977,10421.11956
051202081002,28768.46613,14241.63557
051202081003,8264.63978,5058.872805
051202081004,7075.401252,3305.908994
051202081005,25190.6997,1981.018006
051202081401,5733.001473,2730.819068
051202081402,5566.308027,85.72597048
051202081501,31101.92347,9976.9104
051202081506,1.39216978,0
051202090103,22824.25371,59.5826968
051202090105,4343.407753,0
051202090201,6953.36265,39.42554061
051202090202,6211.230055,1100.576502
051202090301,19397.34059,7586.679624
051202090302,38714.54283,31995.57183
051202090303,35981.10938,48033.42667
051202090402,0,0
051202090403,1561.665859,256.9005848
051202090404,70059.0253,22521.97574
051202090405,40275.73613,30397.35143
051202090406,43150.70041,26883.75842
051202090503,23434.35868,17477.94926
051202090602,59997.62901,45327.62654
051401010201,3448.280279,1077.81472
051401010401,2.898335806,5724.998545
051401010402,167.378399,5523.079979
051401010403,24690.04493,24320.57993
051401010404,31806.71741,25610.80599
051401010601,36266.89568,9319.725923
051401010603,60055.38548,29234.46564
051401010701,32724.37468,795.4099616
051401010702,28090.57012,46534.50169
051401010703,26675.01668,30310.50122
051401010801,22943.31911,10209.63928
051401010802,30220.82774,15785.06708
051401010803,19690.86067,13209.94657
051401010804,33729.00534,32866.93292
051401010805,40222.26229,29355.5367
051401010806,86493.2265,80571.3878
051401010905,18068.54376,9999.635606
051401040301,36762.22977,64839.62503
051401040302,28463.10779,23883.3294
051401040303,25874.53392,30139.74023
051401040304,43744.28287,44738.0363
051401040804,10282.22519,2852.364796
051401040903,24270.84095,11639.52217
051401040904,17418.60527,8569.262578
051401041101,15880.91082,2320.569599
051401041102,14661.97858,5961.128518
051401041103,12892.33538,2950.799108
051401041104,17736.77634,14360.97473
051401041105,20786.98418,5702.013451
051401041106,48994.17717,12.76986788
051401041107,16453.49397,7464.080556
051402010401,3473.210908,123.9782944
051402010404,18633.00624,10.35047805
051402010501,28238.7917,4278.443918
051402010502,28277.05449,601.5562991
051402010503,28690.63044,2570.349875
051402010702,15843.14141,3090.800551
051402010801,14770.315,11482.60417
051402010802,15689.20058,10786.15186
051402010901,97429.16937,596.3893087
051402010902,36962.20891,15662.71746
051402010903,96110.12152,0
051402010904,14148.23129,1467.81124
051402010905,36213.12413,21554.45018
051402010906,25817.73722,0
051402010907,24083.22617,17309.73845
051402010908,14412.41552,6252.572493
051402011001,48570.04336,47097.10099
051402011002,13579.68794,19346.41147
051402011003,9810.604827,1016.533675
051402011004,42770.76119,70663.12373
051402011005,36111.0606,12191.01588
051402011006,17366.67955,21658.80216
051402011101,7416.530615,9058.267572
051402011102,11481.61645,17378.44738
051402011103,28227.57912,23142.79444
051402011202,57763.56257,22337.13383
051402011204,28936.04853,11059.53407
051402020201,23210.65289,11746.07183
051402020202,59349.62415,91525.53567
051402020203,22128.73584,22360.65684
051402020204,27262.53235,10189.16312
051402020603,59558.26613,694.6253793
051402020604,24169.19662,0
071200010101,35127.15936,9.320848605
071200010103,29089.40259,0
071200010303,33976.72203,43.01823743
071200010306,16026.06925,5757.333518
071200010307,39296.39639,0
071200010308,35961.59314,537.1866505
071200010309,58455.2033,11614.52853
071200010310,3503.503411,765.5670445
071200010311,20715.46987,3017.651485
071200010312,32296.17423,7210.21179
071200010501,62.16985961,0.309176269
071200010502,37197.08512,8582.128831
071200010503,29478.18895,12404.96851
071200010504,37179.44088,28888.97897
071200010505,11346.68044,9094.881874
071200010506,11413.03717,16793.79522
071200010602,17181.58128,23632.58548
071200010603,10634.89269,8860.221309
071200010604,7842.249576,1381.922476
071200010701,33107.95057,42235.74525
071200010702,20954.15456,1614.459949
071200010703,27942.48656,2902.555628
071200010704,17964.71499,21957.1212
071200010705,17788.27914,19566.28305
071200010806,25523.49317,21389.83264
071200010807,2448.537187,522.5743398
071200011002,23475.60644,10575.49641
071200011004,24213.02641,8172.706398
071200011005,19496.3276,12277.08713
071200011006,24571.22778,3956.086976
071200011007,38133.56224,22247.92444
071200011008,41044.5103,10839.01247
071200011009,50369.96439,44545.92422
071200011010,38224.16298,23962.69056
071200011102,40089.68288,16436.73836
071200011103,27272.86379,12994.78544
071200011201,49738.34427,0
071200011202,3606.884653,0
071200011203,2793.75354,2173.818531
071200011204,18699.56953,17323.25723
071200011205,31951.27957,26390.82602
071200011301,41441.5247,40583.08716
071200011302,13704.52114,21640.5475
071200011303,541.4369366,415.17024
071200011304,16180.51208,10916.41284
071200011305,28873.40261,42882.90478
071200011306,21593.43315,18142.83683
071200011307,26942.90477,19888.82874
071200011308,64268.89854,46692.3385
071200011309,26671.40721,15465.65753
071200011310,22416.1387,18170.07537
071200011311,55775.83357,49778.76149
071200020402,43659.26321,19983.41103
071200020404,0,0
071200020405,2385.15363,2355.400452
071200020501,50562.199,16717.70351
071200020502,12130.86586,17502.72457
071200020503,15508.39294,57685.9542
071200020504,277.4002554,1036.177485
071200020505,43010.97891,160659.5779
071200020506,5782.689767,21583.96984
071200021301,0,0
071200021302,12058.77218,3987.069034
071200021303,21992.89948,7270.913898
071200021304,297.4059163,98.33322184
071200030303,49012.6727,28715.29446
071200030304,43814.84916,25165.57745
071200030305,33914.84029,20179.2122
071200030406,35428.31916,24414.12835
051201030102,23003.37948,9081.09498
050800020601,26029.64482,6547.426196
050800030808,39896.74633,63082.26633
050800011002,34958.09758,0
050800030809,27210.95933,23889.28855
050800011004,42892.77152,0
041000050203,79731.9232,434.908111
041000030505,24131.74925,13714.5166
041000040305,16991.08108,5796.655704
041000040304,10404.87421,4149.836036
051201010501,18144.49601,3156.15632
041000030402,26364.01608,0
041000071201,51413.57627,0
050800020602,39053.98747,21013.95607
050902030804,35173.57759,1426.192511
050902030808,39420.61712,23339.17064
051201130904,25065.98046,33036.97476
051402020605,59101.61869,59164.91669
050800030810,42207.23157,35540.74702
040500011303,30894.24828,4911.316382
040500011304,35285.45099,38010.0499
041000030406,19730.13803,305.6397506
041000040407,18988.11164,9936.42764
041000040403,31317.60286,338.3671879
051202040102,38933.7992,2348.221551
050800020907,41571.27264,28423.54915
051201061005,15814.31793,0
051201061004,0.988071329,0.144509632
051202040101,28302.71933,0.720134387
041000030604,33545.06065,6601.644127
051202040103,24336.50081,8932.109069
040500012207,67645.58602,46119.15951
050902030802,40982.02824,14837.47677
051201050303,30888.57034,31857.69862
040500010806,6267.419587,9329.656952
051202081103,17030.28146,7087.229493
051201061207,22539.85413,19973.74161
051201050508,49447.17469,2169.860329
051202070601,39593.78192,18230.23593
051201111301,3531.32248,392.1745823
051202080604,39560.90585,19942.46681
051202010804,53622.89151,46076.95118
051402020602,42284.47225,13484.70379
051201130301,17564.82027,4790.525873
040400010603,40305.3304,29265.98135
050800020801,14081.58722,4042.039636
071200020403,21732.87737,26534.02276
051201111402,35586.52668,41764.20951
041000040404,13424.02858,8911.139388
051402020304,23615.24684,5974.519693
051402020401,85129.36584,42399.19187
071200010403,80703.56312,25073.45157
051401010305,19566.50742,35565.34603
051201020305,32289.30843,2855.083267
051201090906,23290.51983,12620.01063
051202030806,15002.07359,2499.77601
051201060605,34271.10538,2033.061566
051201020306,27356.4532,7135.096821
040500011105,7682.135614,3831.198952
051202020103,24032.11815,13534.5996
051202081405,28422.81636,0
051201100108,25250.31631,22900.24932
051202080101,2607.526806,5233.590128
040500012101,31137.91844,19211.18401
051402020102,16630.58372,22690.74527
040500010103,18271.15844,92.27858417
051401010205,16728.7492,22612.85916
051202020902,3456.962758,0
051202090807,14772.12349,4361.83969
051202070104,6438.809329,43.84039015
041000040402,45302.20371,3725.426341
051201080507,25917.26502,10.8486934
051401010906,30562.1892,22108.00342
051201111103,20329.73958,364.407948
051202020804,40846.21241,3.308468659
051401040703,12888.71573,24890.74747
051202010307,34518.58059,19370.33555
051201081304,12420.197,2893.002371
051201060705,32393.22529,484.7683369
050800020802,44088.70745,28329.25174
051201060606,32213.93758,19653.7919
051201080406,2021.532085,1580.234753
071200011313,28604.12296,11888.14364
051202030503,11819.28076,8772.377651
071200010901,39105.70155,25191.7936
040500011202,23456.72622,11611.84817
051201060608,20858.41278,6966.783741
051202040801,12459.2558,880.938366
051201080903,24185.22488,81.61985892
051201010801,28012.98161,6653.444096
051201111903,18002.41862,5859.338865
051201061008,31769.71846,31195.69191
051201050601,27167.05865,4710.770118
041000040504,27515.42203,2445.58554
051202050401,14159.28981,575.7913164
051202050201,34016.33257,0
041000040502,58816.10357,10.58354277
051202070802,11689.48016,0
051201070408,28983.21728,3755.821293
051202010501,22967.23638,13713.40736
040500012104,23492.77591,14538.09252
040500012003,29139.6065,16945.42839
071200020709,1656.063221,891.8779666
050800030402,15864.42214,16821.95851
051202010404,56492.76793,691.9424529
051201080601,19207.64707,0
051202020503,7688.058535,7058.357869
051201080102,28228.42907,27624.82335
051201130201,16201.97953,5411.110282
071200020706,707.1021083,90.90738596
051201070104,48694.72938,74543.92014
051201070203,47263.5319,19743.95774
071200030407,28263.93523,15728.42878
050902030702,22869.23887,8212.386714
051201011407,41451.85445,23.62678554
051201030302,30901.33588,1416.737618
051202080701,73232.24616,716.0620373
041000030502,20088.58931,505.3673994
051201070407,25816.12626,11012.67221
051201061306,39393.48823,15656.36546
071200011003,24517.92142,26633.19216
051202020903,7967.028383,0
051202090101,43392.04946,172.7742139
051202030811,20442.09296,0
051202090702,38324.40436,0
041000030802,31654.28901,12447.36384
051201110703,36998.78542,33118.86684
050800030406,15596.43126,22290.7621
051401041202,14703.24467,6735.133996
051201060805,4226.078974,1362.370216
040500011903,32377.61675,30186.26357
051202021001,36067.3395,0
051201040602,35913.94366,17507.25131
051201030301,75725.85298,3482.040099
051201081208,14884.88305,2971.8803
051201111004,4595.02784,0
040500012102,27375.86449,33683.30197
051201080408,1815.857751,0
051402010701,16968.95362,9024.277142
051402020104,37834.15386,7053.537068
051201061305,50716.22817,19746.14189
051202020205,23728.30215,28936.31115
051202020504,6319.623555,2154.758168
040500011804,27476.9971,1689.525505
050800030806,24243.09559,20135.4747
051201080302,24223.73243,0
071200010202,30069.94695,42054.88679
051201050205,18340.63833,6227.283074
051201080504,29299.01735,172.1378989
051201020303,26770.01191,12246.97619
051201130602,16407.094,934.3277366
051201010601,24124.09872,324.1852123
051201110406,24324.56819,17564.46217
051402010101,810.0848998,349.2693802
051202020907,9463.904902,0
040500011403,52305.07957,46971.57106
040500010807,56446.86323,2209.181028
041000040408,30663.95871,15619.44326
051201070306,34741.20947,23750.78631
051201130702,15318.00965,3152.140781
051201080502,19463.33567,8162.422349
051401040205,20925.04824,8331.598959
051201070308,38945.06311,48482.04874
051201010602,19516.90038,4109.317623
051202090605,92.31788244,0
071200010902,14175.7614,8066.164415
051202020505,16958.11479,17.88510224
051202081504,487.5369336,0
051201111701,68021.90501,742.8800038
050800030715,17095.57483,1540.824841
051201130701,8486.509857,5897.611703
041000030506,25356.74646,5538.65575
051201070303,39879.95949,19286.41946
071200011403,56882.72146,3646.485051
051401041203,32989.17912,278.752501
051201081601,9567.606114,0.000198925
051201030511,19411.89642,9293.255953
051201020201,7618.716055,506.2638918
040500011205,25292.00483,10485.25029
051201040704,55592.29183,1059.691233
071200010102,25732.17252,9665.507767
051202020704,0,0
051401041404,4745.160944,0
051201020405,26653.75192,8928.629552
051401040201,29325.56867,3510.70712
051201080106,61390.46171,40524.57356
051401040704,4.440942764,0
071200020304,3210.174858,0
040500011706,22659.88349,486.5666592
051202010803,16548.96401,19254.62718
051202081301,18360.67671,43.62120609
051202030103,116169.9329,116195.9074
040500012209,58350.74283,13105.67822
051202081101,40901.02983,0
071200010804,51812.04252,13898.72163
051201100105,43159.33997,51840.84533
050902030803,44047.2489,33073.85927
051202020508,14605.26846,254.432064
040500011709,45916.89839,2453.404978
071200010801,23678.9331,1882.852519
051202020803,17989.7897,16238.01177
051202020701,21618.65367,0
051201080706,24500.7604,18993.2341
051201080902,8953.28101,16.0871966
051201080303,413.4908547,0
071200010407,33817.6948,13.62512296
051202040802,54194.98244,1975.953093
051402020305,13523.6154,4178.894949
051401040204,76366.28861,76709.55025
051201130204,14202.29344,145.8293753
071200020302,47896.10987,0
051202050104,29276.3888,3.017323895
051202080501,49792.00865,71107.60996
051401010302,40318.66835,20292.37318
051201050504,16813.41015,2766.651445
051202090804,15369.11043,18563.37177
071200020101,15251.66174,1849.651166
071200010201,42873.06782,7410.749576
051401040601,33281.82071,20454.73389
051201111503,8722.979997,0
051201020402,33786.34667,13897.96194
051201110403,20441.67887,20194.11409
051401040801,605.8851528,182.3801854
051202010407,25126.48297,17798.44684
050800030714,35040.29481,588.2424529
051201050405,27740.24844,12818.90374
051202020501,13675.18743,2120.370536
051202040106,42906.14533,50949.02083
040500011904,69082.90009,36582.91212
051201081403,17887.94711,12227.49027
051201130706,47235.7903,32317.99973
051201100201,19751.50873,17295.33632
051201070105,57983.96782,51552.50646
051202090104,23932.47962,185.9491986
051201080407,291.5694127,0
051201061102,7848.748936,7709.111312
040500011502,33707.74571,666.3757115
051201011602,62947.45016,22709.16205
051201010804,31781.05532,26113.3314
051202081204,10581.42141,0
071200030203,31608.14107,14264.16202
051202030703,49283.5783,40160.80377
051201010603,45403.80264,42715.19104
050800030712,37386.7077,0
051201061206,5175.624958,4470.876543
071200010206,37244.82855,17324.68408
051202020308,14128.32029,7556.795482
051202090102,36690.38103,194.8293523
040500012205,66115.31903,34946.56688
051201030601,43744.23654,17159.71753
051201011501,37690.34159,25368.77209
051201080707,9218.434666,57.37177599
051201010702,33645.26476,24746.98131
071200010302,51962.44726,349.9205322
051202081304,38861.34892,9030.496524
071200020205,27881.07967,23854.94326
051201130805,10676.96909,2292.653877
051401040605,80522.29788,70252.48731
071200030302,28736.21314,10477.12287
071200010106,17632.58035,6164.33121
051401010301,35375.96686,23119.26788
071200010809,9822.458947,4933.343718
051202040203,21765.48787,301.9912185
051201061002,22689.97811,0
051201081605,6095.001734,131.6908596
051202050402,29263.73408,3885.304098
051201100608,6674.484529,0
051202050102,37414.93417,8.279624299
051201011505,26483.28009,21102.9658
051201090801,8010.065298,0
051201020401,23144.55484,7249.673501
040500012203,33477.87177,18381.30923
051401041403,26312.19078,16.40478202
051202020202,28897.51808,33409.47771
040400010204,50550.81605,0.235020948
051201010902,27639.66542,26891.56009
050902030302,38488.66106,2636.48595
051201110804,16380.6807,9853.430478
041000030504,25736.32706,1019.677927
051201050402,60322.98199,11124.97909
051401010303,14816.47251,22669.91095
051202081507,3324.253088,0
051201100607,12578.74965,66.50671582
051401041004,35087.57658,52098.07462
051202011303,75150.11466,75921.82937
071200020303,16798.759,2.642E-05
051202020502,12935.33892,11140.15596
051202090701,6694.478561,0
051202020211,31181.48361,0
051201061201,13606.09472,5057.85407
051201080704,60246.45263,0.58403497
050902030604,27102.01416,3114.153439
051202020402,42732.08772,6.551218998
051401010602,50706.77579,16813.8485
051201061307,30236.46888,16772.24274
051201061308,39535.14576,21674.64901
051201130501,35280.61635,81.20975456
051202020703,0,0
051202020102,30308.72697,26732.96361
051401010605,71401.21689,45260.2338
040500012208,30155.77691,17984.90209
051402010303,365.1179935,337.9341726
051202020210,39297.61832,59881.31027
051201110402,22908.66584,2384.626033
051201080603,32437.18116,0
051202011301,65260.62875,3666.093145
041000030705,32396.31288,32989.64899
051201130601,18318.00647,499.6241824
051401040202,46270.65845,14790.64624
051201111105,38721.05221,2770.069113
040500012206,42902.22147,12654.33435
051201061104,15208.54382,17248.90109
051401040902,21087.02595,14371.61113
051202020209,29488.9493,2926.554382
051201141003,22598.26372,29.95482592
051201100503,15730.73097,0
051201110702,32763.25032,29958.26476
051201130902,26561.95353,15492.21223
071200021305,395.5197996,4.016886918
051402010304,43248.48154,39043.13849
051401010204,53050.553,42339.92727
051201110301,0.468240306,11317.23963
051202081308,25540.09991,0
051201011303,15343.81208,10565.93894
051402020303,53691.1654,12583.55845
040400010102,95267.29494,161449.8452
051401041405,18079.153,0
051202020705,0,0
051202050403,39405.58439,6630.097003
051201060501,0.153253958,7888.613968
051202010802,40085.16104,52882.88903
051401040203,23796.3414,9488.365451
040500011201,16078.39425,6004.982594
051202081404,27117.97965,14494.4625
051202070603,1294.902288,2.000641801
050902031010,30495.24269,8856.706248
051201080301,9604.33648,0
051202081202,19495.88919,4413.20911
051202080103,815.2199582,296.1720872
051201020203,8361.518269,166.0651128
051201010604,19390.35032,11854.32717
051401040604,6595.533336,3035.478699
071200020206,52122.85165,43899.97176
051201061101,28248.21024,28686.49859
051201061204,28943.75353,18716.40061
051201050503,74750.23904,57724.49401
040500011801,34026.46801,1082.549411
051202090803,28859.97686,51097.48731
051202081102,10763.6559,8.755916079
071200020203,32991.58948,27707.37792
051201130303,13104.9202,1471.083115
051201070311,31311.98387,26053.9703
051202081006,42630.2139,6042.316155
051201110602,13178.87133,1369.289683
051201030506,11410.41471,3663.245391
051202010702,30713.87056,39427.55202
051201081504,3040.228513,664.7113576
071200010808,22003.38544,13481.09894
051202081306,8849.321562,2278.374556
051201080202,43391.12537,23172.58441
051202040104,29762.75697,24943.78935
051202010808,27771.88908,15364.37397
071200010209,50232.79581,59363.5184
051201110603,40494.08518,19791.42376
051201080803,11954.73775,1317.014399
071200010402,47449.83893,14378.78618
071200010404,48294.91432,416.7696894
051201011102,37767.98979,29007.0417
051201080105,30235.27021,4057.647345
051402010405,22357.55794,9829.47741
071200020702,53518.49376,0
051202020604,29139.35496,0
051202020307,33954.89701,0
071200020202,1750.149866,2988.626488
051202090501,28781.89802,0
051202090106,26919.13001,3533.415554
051202050302,45992.68385,19679.9999
051201130304,49509.68589,12333.98284
051202081508,8407.828293,0
051402020107,8465.522201,0.994679611
051402010103,1042.033249,39.29820504
051201130302,16980.93523,5238.139419
051202021003,46344.58988,49.72902297
051201061007,454.1449569,441.3628571
051202040204,32247.92292,33802.99272
040500012601,43275.55351,43215.50173
040500011106,32362.01755,45807.08535
051401040502,34388.76153,18564.41911
051202081203,866.2664572,0
041000030702,30561.91937,24771.43374
051201080404,0,0
040500010805,27434.11732,0
050800030407,15466.27986,19464.34334
051201011101,38222.1349,60563.34452
051201030505,48918.82074,9626.95935
051201060901,15382.72751,9591.507614
051201070205,22641.21919,14301.90026
051201070409,46202.41195,27188.63517
051201080201,17867.60351,9352.542164
051201080402,0,0
051201080602,20117.24547,0
051201081402,18996.39819,2956.431692
051201090703,19183.28666,557.844472
051201130103,3826.445908,0
051202081307,9409.897326,0
051202081403,26456.20662,16.40934241
071200020103,51534.73687,0
040500010701,26745.39922,8234.075785
040500011009,19314.36324,2239.120872
040500011104,23739.80984,19531.17082
040500011107,35565.89562,23755.1841
040500012001,26467.24237,6735.493462
040500012004,52368.19783,30842.85273
040500012103,20935.40375,22663.05021
040500012201,51691.87071,11223.04593
041000030601,18378.80398,9316.113812
041000040405,21234.84973,5156.302652
050800030105,37331.27357,19.76047342
050800030404,20972.91687,10360.62261
050800030405,16423.67644,16084.25796
050800030711,31188.65328,50.09016093
050800030713,39316.77112,0
050902030301,38608.27611,15.72900243
050902031006,28396.84052,16539.83101
050902031009,23226.01748,17850.3347
051201010803,22714.1941,12500.89532
051201010901,62487.03179,0
051201011006,32705.77344,23574.56481
051201011104,25715.46648,19018.29041
051201011502,40376.29187,20732.10251
051201020301,34814.04733,0
051201030502,23898.35196,7791.46315
051201030503,55370.75711,30031.55521
051201050204,4318.505038,2881.364485
051201050602,22487.31709,15261.34319
051201061301,10927.81788,17679.34113
051201070202,22750.37178,12885.64212
051201080103,31440.54494,3832.110674
051201080203,28626.01981,12069.0937
051201080503,32885.82052,12742.90073
051201081603,10133.5666,0
051201100609,5993.778918,1610.837786
051201110405,16938.69138,11574.17999
051201110504,15156.39461,3968.038268
051201110601,48228.86908,11328.87291
051201110903,12811.50012,9094.820049
051201111106,5914.814117,2490.312058
051201111303,8747.299415,12354.86842
051201130408,19087.76744,0
051202010805,30546.72799,24844.85594
051202011302,97047.28626,97285.12855
051202011304,44713.36542,14391.08002
051202020207,23828.02193,33982.16588
051202020303,13943.21489,0
051202020309,10383.76621,4290.228499
051202020506,6839.361793,0
051202020601,30260.3661,2232.893822
051202021004,17618.18815,16649.67254
051202030807,26723.1813,0
051202030810,17459.18098,0
051202050101,18921.91743,0
051202070602,11328.6661,1261.906918
051202070904,13802.34342,18948.28893
051202080603,42696.89177,24655.82598
051202080905,35525.47425,2062.119684
051202081205,34272.76338,595.560051
051202081503,1331.874815,0
051202081509,15615.10041,0
051202090502,47141.75468,89.50381643
051202090703,3662.427396,0
051401010202,0,13344.18534
051401010203,16939.39309,12907.02426
051401040101,24878.89727,15646.31846
051401040501,45137.57094,18630.84545
051401040606,21082.1488,17103.13698
051401040702,1598.831799,0
051401040802,10916.79861,3596.048061
051401041201,26556.89639,15576.09216
071200010204,22605.35722,12067.24835
071200010802,20382.24405,18532.4679
071200020204,0,0
071200020508,9860.805697,0
071200020701,26748.45385,0
071200020704,0,0
051201061302,263.5427956,3867.24055
051202020201,21190.53296,22299.32441
051201130502,3503.722054,1.671780376
051201061208,22755.92602,18279.31253
051202040201,61.68780555,0
051402010302,67456.20847,994.856528
051201061203,11.73911175,7.457575957
051202030512,33158.12854,1297.447784
051201010903,39324.71649,37949.99965
051202081407,33306.35939,0
051402020103,24599.50352,3766.031441
051401010304,250.42711,162.4576775
051201061001,53478.31994,0
051201100502,13558.02112,4113.877418
051201050506,14237.11778,1288.074877
051201141004,13941.41362,677.6430646
040400010105,20585.54037,19889.3676
051202090805,19187.24046,12314.75889
051401010604,45359.5154,27658.46367
051202020507,0.201939682,0.191339113
051201061303,14272.36426,6688.688164
051201020304,13372.91121,501.919265
051202080602,48319.34541,40094.62683
051202010806,40259.68945,52188.12671
051202090802,66.77864089,41.99632761
071200010205,30547.20115,31530.2039
051202020603,24940.0811,5.486891905
071200010903,25499.35774,6040.970396
040500011102,12943.94578,7747.023963
041000030603,18615.34809,1401.592245
051201110902,9971.602372,3727.326001
051201040505,26859.27832,929.3119324
051201100106,20252.85914,19033.00849
040500011101,41391.10791,35027.81995
051202040202,16214.91806,8045.008113
051202011308,43447.46338,28209.12538
051201010703,32117.12465,16825.76253
051201070307,25804.73078,391.3261928
051201061103,14387.52613,13651.05031
051201081502,2347.055897,2327.986738
071200020710,14750.89538,7908.525895
051402010301,8073.217296,7896.557585
040500011204,42306.43137,23776.7754
051202020305,62367.35322,0
051401010206,62269.96878,64002.01374
051201070305,58167.16781,48617.74169
050800030403,31034.64408,37959.19333
051201030507,37420.5533,42804.30748
051202080605,52667.45185,18108.62812
071200010904,57277.15037,16741.3362
040400010103,55107.56514,30458.12075
051201040601,25175.26514,109.5523145
051202010304,28412.22803,4960.761544
051201111101,56988.96542,0
071200010805,22108.83069,18394.97454
051201080703,29846.40795,0
051201090802,59151.17702,2331.877682
040500011805,50147.83922,57972.38458
051202020206,15730.5517,8786.634832
051402010403,834.1738421,784.2677288
051201050603,18581.13026,9463.693585
051202040105,5583.340567,4409.376844
051202020702,316.0908785,316.0908785
051401040401,23565.10805,26220.80642
051402010102,26649.22119,1863.327846
051202030801,49032.56607,23.6119324
051402010204,24748.541,12460.83472
050902030701,146159.2479,4.053649381
051201050302,17247.87278,18356.38761
051201080702,20894.16664,0
051202080906,25690.42434,4753.579871
071200010401,68779.55862,182.1844118
041000040503,45960.02613,3825.119154
051202010202,22325.42105,12173.59855
051402020302,59928.58015,25845.03977
051201020403,50564.22558,14171.84303
051202030502,77085.92635,1759.593947
051202081302,22388.11895,7570.560136
051202050301,26757.5053,7456.867018
051201050301,48308.84938,78677.14036
051201130206,5937.998168,5306.033363
051201081501,9263.731589,9265.613309
071200010105,66446.05902,43124.34303
051402010402,7408.961871,0
051201080403,750.4229995,602.7342831
051201130802,20272.49901,0.348177702
051202081505,0.0003732,0
051201030510,40709.87133,21084.49868
051202020203,29490.44797,36443.92302
051202050103,35746.12012,5333.718859
051202081406,36185.31223,37.35702421
040400010201,22310.92275,0
051202090601,14.09362719,0
051201010701,53022.81979,628.1750716
051202030504,48606.0085,19741.88814
051201010704,52391.43,40385.13847
051202081303,18141.96567,6968.676718
051201100101,59389.88832,0
071200010304,49810.50096,1642.33974
040500011901,32007.34772,8454.372571
051202080503,19313.19447,9666.039712
051201080607,7978.156811,7590.649014
040500012002,55730.7514,20395.03413
041000040406,22855.93409,11802.68987
040400010401,54264.13336,57905.58241
051202011108,49376.87741,36820.01005
071200010305,28020.18734,2911.737285
051201060904,9463.67173,1333.210485
051201030602,26755.85539,10493.29399
051202081305,81237.85325,33267.96145
051401040706,3378.496496,0
051201040603,86239.81056,38930.15481
040400010601,37925.14417,15310.95889
051202030501,56692.08812,2640.261885
051201020302,54831.41196,317.7613108
051401040705,9701.779552,0
051201080901,49035.32053,4600.677035
051202040107,20736.83446,1054.704374
051202080302,26725.2852,9060.289865
071200010405,36199.58809,0.393212355
051202050202,39200.67374,0.465607861
051202010201,79083.05963,6360.680238
051402020106,14173.28615,4.910629114
051401040402,54763.88688,7778.149931
051201070309,40860.48473,64391.02305
051201080401,12498.29027,10038.53564
050902030304,35354.59878,14737.68115
051201121503,4855.522753,1385.304689
071200020305,80319.17133,596.092083
071200020201,20858.76731,13458.20555
051201070204,29715.3936,2267.011867
051201111104,42078.38044,23947.14223
051202011305,55557.25085,30955.68172
051201061309,22014.61246,19925.6922
051402020101,256.8408152,37.63800006
051202080102,558.5906211,459.9796528
051201110704,26042.03593,21232.89275
051202030808,13302.93391,0
050800030401,28720.92319,11554.72068
071200020301,70084.57695,446.9110708
051202090603,27600.65942,1.823409355
051201030603,47680.36326,2996.026213
050902030303,47382.85884,18317.97631
051202011306,102003.8583,105527.9977
040500011708,89512.24658,1766.4506
051201080501,49079.6251,21906.48227
071200010301,28042.13425,1837.152987
051202020706,0,0
051202020208,23325.82627,11949.98887
051202011704,20575.38092,32317.67044
051201011103,31725.70107,27068.88306
051201030509,1086.447668,221.7208749
040400010205,69207.45398,746.4344517
040400010104,42780.62945,8384.262343
050902031004,50496.07711,21686.83685
051401040901,14979.64737,7261.337835
051401040102,29158.00757,23769.8812
051201130305,23703.54035,1350.172735
051202090604,2220.805985,0
051202080502,48877.59516,42001.04016
051402020301,50441.53865,22262.515
041000030602,43455.82693,308.8315248
051201130603,23493.95928,2359.155582
051202070103,8538.550098,1055.262917
051201081303,12643.76759,0
051201100501,22808.13573,14249.10705
051202010403,25314.91835,28902.56995
071200010408,22230.55263,16567.50389
051201011601,27419.75634,6466.097425
051402010805,22530.56337,34588.20246
051202020306,24892.43276,0
051201081401,32776.88378,21918.18101
051202020101,25688.05693,11872.14633
040500011008,38024.79409,388.5093374
051202011309,32597.44285,15636.69251
051202010502,23734.03431,9444.226937
051201011301,33956.28958,25437.62762
040500011305,29540.99706,20061.72483
051202020204,29160.22818,15885.12516
051202090801,12122.60191,7608.179984
051201060902,7540.121596,319.399199
051202070102,18416.35813,7.124812778
040500011103,33347.08989,27469.03514
041000030701,28118.4926,21171.98812
051202020302,26271.93113,0
051202010309,21903.60741,12337.23404
051202020707,17080.64818,0
051201080104,20403.12311,13988.25344
051402020601,35515.5455,23862.33535
051202081206,27847.12287,11981.55589
050800030106,19326.95269,13055.78164
071200010803,34961.99618,9528.883563
051201081503,6331.414106,1133.609664
071200021306,15290.59814,78.96347765
051201060903,17760.33839,3991.486224
051201050505,26040.86618,12685.00525
051401010904,53873.95897,33714.3099
071200010207,42279.59544,44440.04862
051201081301,30952.9741,0
051202010406,15105.55074,7956.25155
051201080510,40909.94943,0
051402020306,47756.53476,15886.21057
051201070301,23441.28837,5351.469754
071200010406,39779.67295,2663.359551
051201080405,1038.661088,834.2450146
051201080708,18568.50369,0.561044388
051402010703,39184.24773,14702.82348
051201081305,21709.18529,0
051202070105,24061.75783,9328.932264
051201010802,35723.29113,11322.12541
051201110503,11745.72428,460.9184865
040500012202,33185.7673,15848.31455
051202081201,6623.219346,0
051401041003,33973.83438,229.3872777
051201011302,23907.79297,3324.776148
051402011203,20176.63306,17963.29503
071200020705,0,0
051202030510,41754.27101,4486.995553
040500011902,52598.06894,64672.82613
051202010405,22182.90377,6873.366616
051202010402,39417.71725,7192.928232
051401040403,89210.22239,168395.8193
051401040803,26279.74962,8783.324588
071200010601,8580.664851,5699.049624
051201030504,18511.69535,16552.21962
051201110605,20078.04261,8704.323278
040500011203,67652.91338,3033.015193
051201080608,15247.61465,8764.921611
051201070310,15159.61709,7016.597658
051201061304,33711.54279,37475.83151
051201070304,39258.99518,50125.69943
051202020602,76342.10946,9744.359904
051201061202,15266.95724,13896.71177
071200011101,85691.47126,71806.47036
071200020102,5549.893981,434.2850643
051201110102,36601.37589,60.37462559
051202081502,1649.66732,0
051201130804,21564.27097,26799.06815
051401040905,23488.02147,16793.32227
071200011312,36109.04809,15218.70042
051202040901,37788.3355,35344.82876
051402020105,11963.03949,261.8781312
051201121504,9787.120313,16859.28528
051201081103,2691.253903,170.9337733
051201011304,23821.08923,9079.052176
051201061205,10252.15854,10590.69803
071200010104,35039.51321,20754.14503
051201090705,763.1514715,481.8543318
051202020901,0,0
051202010308,28547.95481,16666.94711
051202010801,22294.57301,15633.85566
051201030508,27922.15044,20030.10459
051201110604,16076.46986,412.8907865
071200011001,8307.454946,1376.577501
051202080601,21031.23702,3190.322975
040500011010,21818.78417,22.38534478
051201070201,66567.27199,42925.78812
051401040603,44715.16028,37435.27728
051401040805,14335.68107,5158.228241
051202050404,6810.096654,2351.01894
051202010310,16019.5151,14025.87937
051202020403,28721.93821,114.421858
051401040701,8216.8951,16437.60436
051201110904,38372.21545,51766.83001
050800030710,23545.21694,5329.843644
051201011506,28135.3186,4533.067227
051202040401,4381.036567,6091.148448
051201040504,16478.25872,25879.11699
051201080505,35316.13381,28025.64981
040500012204,46522.36007,32411.93587
051401040602,20836.79405,0.612067428
051201111102,15325.53441,0
071200020703,0,0
050902030603,20297.06862,1940.154624
051401041001,41355.7097,23595.77927
040400010206,26559.24245,0
051202090806,31491.27463,7538.809595
051402010205,28534.48878,8490.387352
051201061006,3905.352808,0
051202090401,10548.07851,1820.073965
051201030606,11916.2125,115.8257091
051202030102,65532.04875,30343.84397
051201060607,15200.64982,12128.96939
071200010208,63176.34073,67206.83635
051401040107,23281.20131,16993.17009
071200020507,594.2915319,168.1016833
051202070501,2814.653383,877.2511288
071200010203,39456.51343,69260.90262
071200020401,38150.73149,7339.7832
040500011503,25875.48971,7169.683032
051202060101,16669.71669,13912.81337
051202020304,43245.18707,0
051201011201,1133.155291,741.5154221
051202020401,10291.25696,350.065873
050902030403,32008.11537,2450.878133
050902030404,42162.1855,16011.89426
051202020404,11424.07671,5688.969193
051100050505,59616.48835,21587.92427
050902030401,60197.47555,0
051201100102,56743.273,18901.27716
051401040106,63770.14935,19377.19714
051201011202,45112.65055,31112.17653
051202040108,18744.44449,0
051401041002,64057.93897,2921.068018
051201090903,38885.61302,30670.2252
041000040501,24987.96178,1942.460458
041000030707,46252.25416,39015.63881
041000030801,37237.64814,8682.265296
051201061003,0,0
051201090902,21576.60995,11914.17233
